EMPID,FIRSTNAME,LASTNAME,STARTDATE,EXITDATE,TITLE,SUPERVISOR,ADEMAIL,BUSINESSUNIT,EMPLOYEESTATUS,EMPLOYEETYPE,PAYZONE,EMPLOYEECLASSIFICATIONTYPE,TERMINATIONTYPE,TERMINATIONDESCRIPTION,DEPARTMENTTYPE,DIVISION,DOB,STATE,JOBFUNCTIONDESCRIPTION,GENDERCODE,LOCATIONCODE,RACEDESC,MARITALDESC,PERFORMANCE_SCORE,CURRENT_EMPLOYEE_RATING
2643,Katelyn,Brown,0022-04-15,0022-10-10,Area Sales Manager,Deborah Stephens,katelyn.brown@bilearner.com,EW,Active,Full-Time,Zone A,Temporary,Voluntary,Likely debate ever college strategy way can.,Sales,Wireline Construction,24-12-1966,TN,Clerical,Male,60277,Black,Divorced,Fully Meets,5
3179,Amya,Armstrong,0020-12-23,0021-03-17,Production Technician II,Victoria Thomas,amya.armstrong@bilearner.com,TNS,Active,Full-Time,Zone C,Full-Time,Voluntary,Assume none mother note poor indeed.,Production,Field Operations,22-12-1941,MA,Lineman,Male,96822,Black,Divorced,Fully Meets,2
2104,Andre,Fields,0020-09-14,,Production Technician I,Ana Trujillo,andre.fields@bilearner.com,TNS,Active,Contract,Zone A,Temporary,Unk,,Production,Field Operations,19-08-1949,MA,Laborer,Female,73771,Hispanic,Widowed,Exceeds,2
2492,Natalya,Norman,0019-07-20,,Software Engineer,Catherine Peterson,natalya.norman@bilearner.com,CCDR,Active,Full-Time,Zone C,Temporary,Unk,,Software Engineering,General - Con,04-12-1957,MA,Laborer,Male,34504,White,Married,Fully Meets,2
3750,Micaela,Conner,0020-02-17,,Production Technician I,Sheryl Curtis,micaela.conner@bilearner.com,MSC,Active,Full-Time,Zone C,Part-Time,Unk,,Production,Engineers,16-02-1955,MA,Engineer,Male,49299,Black,Single,Fully Meets,1
3876,Alana,Castro,0021-10-24,,Principal Data Architect,Deborah Bell,alana.castro@bilearner.com,CCDR,Active,Contract,Zone C,Temporary,Unk,,IT/IS,General - Con,30-05-1954,MA,Lineman,Female,70578,Hispanic,Single,PIP,3
2394,Harold,David,0022-04-25,0023-06-23,Production Manager,Patty Boyd,harold.david@bilearner.com,PL,Active,Full-Time,Zone C,Full-Time,Involuntary,Else condition director woman unit.,Production,Field Operations,17-09-1980,MA,Laborer,Male,57850,White,Single,Fully Meets,2
2434,Liam,Blevins,0023-01-14,0023-05-07,Production Manager,Melissa Rice,liam.blevins@bilearner.com,TNS,Active,Part-Time,Zone A,Full-Time,Involuntary,Dog dark piece where ask low away.,Production,General - Con,22-09-1991,MA,Foreman,Male,34702,Asian,Single,Fully Meets,5
3728,Aydan,Robbins,0021-12-23,,Production Technician I,Tamara Grant,aydan.robbins@bilearner.com,TNS,Active,Contract,Zone A,Part-Time,Unk,,Production,Splicing,07-02-1967,MA,Laborer,Male,39843,Hispanic,Divorced,Fully Meets,5
2759,Rick,Stoica,0018-08-26,,Production Technician I,Mrs. Megan Booker,rick.stoica@bilearner.com,PYZ,Active,Full-Time,Zone B,Full-Time,Unk,,Production,Aerial,04-05-1989,MA,Lineman,Male,2301,White,Divorced,Fully Meets,2
2760,Adil,Sahoo,0020-12-06,0022-08-26,Production Technician II,Alexis Shaw,adil.sahoo@bilearner.com,BPC,Active,Part-Time,Zone B,Temporary,Voluntary,Keep position nature most anything eat blue.,Production,Fielders,20-07-1969,MA,Engineer,Male,2062,Other,Single,Fully Meets,2
2956,Aarav,Espinoza,0019-11-11,,Production Technician I,David Ali,aarav.espinoza@bilearner.com,WBL,Active,Part-Time,Zone C,Full-Time,Unk,,Production,Engineers,15-12-1999,MA,Project Manager,Male,51029,Hispanic,Widowed,Fully Meets,2
2585,Mike,Guilianno,0021-06-04,,Area Sales Manager,Martha Stone,mike.guilianno@bilearner.com,PYZ,Active,Contract,Zone A,Temporary,Unk,,Sales,General - Con,21-05-2001,TN,Laborer,Male,37129,Asian,Divorced,Fully Meets,2
3984,Christine,Skinner,0022-02-10,0022-06-08,Database Administrator,Thomas Ramirez,christine.skinner@bilearner.com,EW,Active,Contract,Zone B,Full-Time,Retirement,If require particularly civil.,IT/IS,Wireline Construction,23-07-1963,TX,Laborer,Female,67986,Hispanic,Single,Fully Meets,3
2619,Carlo,Giles,0020-06-17,0022-02-08,Area Sales Manager,Alexandria Brown,carlo.giles@bilearner.com,WBL,Active,Contract,Zone A,Temporary,Involuntary,Use stay among place dinner.,Sales,Field Operations,06-04-1946,MA,Laborer,Male,36412,Hispanic,Divorced,Fully Meets,5
2221,Cedric,Sawyer,0019-05-31,,IT Support,Megan Walker,cedric.sawyer@bilearner.com,MSC,Active,Contract,Zone C,Part-Time,Unk,,IT/IS,Field Operations,14-11-1993,MA,Laborer,Female,49637,Hispanic,Single,Exceeds,4
1967,Dawn,Motlagh,0019-01-29,,Production Technician I,Molly Freeman,dawn.motlagh@bilearner.com,PL,Active,Part-Time,Zone A,Part-Time,Unk,,Production,General - Con,11-12-1994,MA,Flagger,Female,2453,Other,Single,Fully Meets,3
2792,Diamond,Mcclain,0023-02-24,,Production Technician I,Robert Nguyen,diamond.mcclain@bilearner.com,NEL,Active,Part-Time,Zone A,Temporary,Unk,,Production,Engineers,10-05-1953,MA,Technician,Male,19908,Black,Single,Fully Meets,1
1077,Derek,Moreno,0019-02-02,,Software Engineer,Allison Jacobs,derek.moreno@bilearner.com,TNS,Active,Contract,Zone B,Temporary,Unk,,Software Engineering,Wireless,10-05-1992,MA,Foreman,Female,97585,Black,Single,Fully Meets,3
2399,Brice,Phillips,0023-05-25,0023-07-31,Production Manager,Brian Peters,brice.phillips@bilearner.com,PYZ,Active,Full-Time,Zone B,Part-Time,Retirement,Else big job administration.,Production,Wireline Construction,13-06-1958,MA,Driver,Male,2777,White,Married,Fully Meets,4
3266,Max,Mahoney,0020-07-24,,Production Technician I,Andrew Garcia,max.mahoney@bilearner.com,CCDR,Active,Contract,Zone A,Full-Time,Unk,,Production,Wireline Construction,23-08-1996,MA,Laborer,Female,22339,Black,Married,Fully Meets,2
1038,Courtney,Cowan,0023-01-18,,Software Engineer,Beth Anderson,courtney.cowan@bilearner.com,SVG,Active,Contract,Zone B,Part-Time,Unk,,Software Engineering,Field Operations,04-05-1971,MA,Crew Leader,Male,14886,Hispanic,Married,Fully Meets,3
3384,Dennis,Hays,0019-03-07,,Production Technician I,Rachel Rice,dennis.hays@bilearner.com,WBL,Active,Full-Time,Zone C,Full-Time,Unk,,Production,Field Operations,18-07-1991,MA,Operator,Female,26286,Hispanic,Married,Fully Meets,3
2645,Breanna,Kerr,0020-07-02,,Area Sales Manager,Nicholas Martinez,breanna.kerr@bilearner.com,TNS,Active,Contract,Zone C,Temporary,Unk,,Sales,Wireline Construction,27-06-1947,TN,Manager,Male,22815,Asian,Married,Fully Meets,4
3742,Gabriel,Pearson,0021-09-22,0023-05-15,Production Technician II,Ryan Anderson,gabriel.pearson@bilearner.com,PYZ,Active,Contract,Zone A,Temporary,Resignation,Wait small thing staff.,Production,Field Operations,12-09-1981,MA,Manager,Female,81011,Asian,Married,Fully Meets,2
2548,Luz,Garza,0018-11-14,0021-07-08,BI Developer,Brittany Johnson,luz.garza@bilearner.com,PYZ,Active,Contract,Zone A,Temporary,Resignation,Win onto effect security instead.,IT/IS,General - Sga,16-02-1954,MA,Manager,Female,70770,Other,Divorced,Fully Meets,1
1227,Hailey,Mckay,0019-08-22,0022-06-06,Production Technician I,Hannah Davis,hailey.mckay@bilearner.com,TNS,Active,Part-Time,Zone C,Part-Time,Voluntary,Relate size according two board.,Production,Billable Consultants,21-03-1987,MA,Engineer,Female,89365,Other,Divorced,Fully Meets,3
3938,Lori,Roby,0020-04-20,,Data Analyst,Brittany Evans,lori.roby@bilearner.com,BPC,Active,Part-Time,Zone B,Temporary,Unk,,IT/IS,Field Operations,28-05-1955,MA,Tower Hand,Female,1886,Hispanic,Married,Fully Meets,3
3076,Omari,Keller,0023-04-26,,Production Technician II,Daniel Smith,omari.keller@bilearner.com,PYZ,Active,Part-Time,Zone C,Full-Time,Unk,,Production,General - Con,26-05-1998,MA,Foreman,Male,3738,White,Married,Fully Meets,5
1526,Ashtyn,Huynh,0021-04-23,,Production Technician I,Seth Parks,ashtyn.huynh@bilearner.com,CCDR,Active,Contract,Zone B,Full-Time,Unk,,Production,Field Operations,04-04-1987,MA,Foreman,Female,13579,Other,Divorced,Fully Meets,3
2990,Alfredo,Perry,0019-04-21,,Production Technician I,Wesley Pearson,alfredo.perry@bilearner.com,PYZ,Active,Full-Time,Zone C,Part-Time,Unk,,Production,General - Con,28-05-1999,MA,Laborer,Female,64116,White,Single,Fully Meets,2
3542,Ellie,Gill,0023-04-15,,Area Sales Manager,Amanda Knight,ellie.gill@bilearner.com,EW,Active,Contract,Zone A,Temporary,Unk,,Sales,Field Operations,01-03-1948,IN,Manager,Male,45456,White,Married,Needs Improvement,1
1042,Milo,Hood,0022-07-16,,Software Engineer,Cheryl Swanson,milo.hood@bilearner.com,PYZ,Active,Contract,Zone B,Temporary,Unk,,Software Engineering,Field Operations,18-08-1942,MA,Driller,Male,96170,Black,Widowed,Fully Meets,3
1353,Noe,Mann,0020-09-15,0022-01-06,Sr. Network Engineer,Felicia Bailey,noe.mann@bilearner.com,WBL,Active,Part-Time,Zone A,Temporary,Involuntary,Will message south game.,IT/IS,Field Operations,04-03-1946,MA,Supervisor,Male,48891,White,Single,Fully Meets,3
3661,Reagan,Brennan,0022-02-28,0022-09-05,Production Technician I,Denise Roman,reagan.brennan@bilearner.com,MSC,Active,Contract,Zone C,Temporary,Involuntary,Decide group difference decide.,Production,Executive,22-05-1952,MA,Vp,Male,21624,Asian,Married,Fully Meets,3
2220,Lilah,Harrison,0022-09-17,,IT Support,Charles Johnson,lilah.harrison@bilearner.com,EW,Active,Contract,Zone B,Temporary,Unk,,IT/IS,General - Eng,03-09-1961,MA,Engineer,Female,30879,Asian,Married,Exceeds,4
2409,Kaitlin,Cooke,0020-02-06,,Data Analyst,Robert Wilson,kaitlin.cooke@bilearner.com,TNS,Active,Full-Time,Zone B,Full-Time,Unk,,IT/IS,Engineers,30-10-1996,MA,Program Manager,Female,91289,White,Single,Fully Meets,4
1797,Clara,Wheeler,0020-10-13,0022-11-09,Production Technician I,Jennifer Harrington,clara.wheeler@bilearner.com,NEL,Active,Full-Time,Zone A,Full-Time,Voluntary,Us do by over. Source today then between.,Production,General - Con,18-09-1987,MA,Laborer,Female,63255,Hispanic,Widowed,Fully Meets,3
3300,Rosemary,Becker,0021-03-25,0022-05-08,Production Technician II,Mr. Gregory Mullins MD,rosemary.becker@bilearner.com,NEL,Active,Full-Time,Zone B,Part-Time,Resignation,Artist message call such.,Production,Field Operations,27-11-1946,MA,Technician,Male,73771,White,Married,Fully Meets,2
2646,Saniya,Ho,0019-08-04,,Area Sales Manager,Cathy Whitehead,saniya.ho@bilearner.com,PYZ,Active,Contract,Zone A,Part-Time,Unk,,Sales,Project Management - Con,17-06-2001,ID,Manager,Male,87653,Black,Widowed,Fully Meets,1
2778,Javon,Mckenzie,0020-12-02,,Production Technician I,Raymond Burton,javon.mckenzie@bilearner.com,WBL,Active,Part-Time,Zone C,Temporary,Unk,,Production,Wireless,28-02-1955,MA,Foreman,Male,33896,Asian,Divorced,Fully Meets,5
2567,Sylvia,Price,0022-12-22,0023-07-26,IT Manager - Infra,Christy Cunningham,sylvia.price@bilearner.com,CCDR,Active,Full-Time,Zone B,Part-Time,Voluntary,Dream quickly relationship involve enough name.,IT/IS,Field Operations,15-10-1959,MA,Foreman,Male,51819,Black,Widowed,Fully Meets,5
1402,Linda,Bachiochi,0021-09-10,,Production Technician I,Kirk Brooks,linda.bachiochi@bilearner.com,MSC,Active,Full-Time,Zone B,Full-Time,Unk,,Production,General - Sga,12-10-1988,MA,Technician,Female,1902,White,Divorced,Exceeds,3
3494,Cohen,Raymond,0020-06-18,,Area Sales Manager,Jacob Snyder,cohen.raymond@bilearner.com,SVG,Active,Contract,Zone B,Full-Time,Unk,,Sales,General - Con,08-02-1994,CO,Technician,Male,90983,Black,Single,Fully Meets,4
3558,Mildred,Gentry,0018-12-30,,Production Technician I,Erin Moore,mildred.gentry@bilearner.com,MSC,Active,Part-Time,Zone A,Part-Time,Unk,,Production,Yard (Material Handling),04-06-1959,MA,Manager,Female,2145,Black,Single,Fully Meets,1
3884,Gilberto,Macdonald,0019-02-02,,IT Support,Barbara Skinner,gilberto.macdonald@bilearner.com,CCDR,Active,Full-Time,Zone B,Temporary,Unk,,IT/IS,Engineers,27-04-1987,MA,Engineer,Female,96985,Black,Widowed,Fully Meets,3
2503,Ally,Goodman,0021-12-26,0022-01-29,IT Manager - DB,Sean Wong,ally.goodman@bilearner.com,PL,Active,Contract,Zone C,Temporary,Voluntary,Determine yes action college.,IT/IS,General - Con,23-12-1949,MA,Clerk,Male,6113,White,Married,Fully Meets,5
2008,Kaila,Johnston,0019-07-15,0020-01-13,Production Technician I,Michelle Taylor,kaila.johnston@bilearner.com,BPC,Active,Part-Time,Zone A,Temporary,Voluntary,Follow yourself child to foot.,Production,Field Operations,03-09-1941,MA,Lineman,Female,67443,Asian,Widowed,Fully Meets,3
3991,Talan,Rodgers,0023-04-10,,Sr. Accountant,Ashley Cervantes,talan.rodgers@bilearner.com,BPC,Active,Contract,Zone B,Full-Time,Unk,,IT/IS,Project Management - Con,09-03-1974,MA,Coordinator,Male,89576,Black,Single,Fully Meets,3
2861,Judith,Savage,0018-10-06,,Production Technician I,Sharon Jones,judith.savage@bilearner.com,MSC,Active,Full-Time,Zone C,Full-Time,Unk,,Production,General - Con,13-07-1986,MA,Technician,Male,31403,White,Widowed,Fully Meets,2
2598,Yesenia,Payne,0020-01-08,,Area Sales Manager,Brian Scott,yesenia.payne@bilearner.com,PL,Active,Part-Time,Zone A,Temporary,Unk,,Sales,General - Con,05-09-1964,ID,Splicer,Male,8573,Asian,Divorced,Fully Meets,4
1338,Rogelio,Flores,0020-09-30,,Sr. Network Engineer,Stephen Ray,rogelio.flores@bilearner.com,BPC,Active,Contract,Zone C,Part-Time,Unk,,Admin Offices,Shop (Fleet),14-03-1988,MA,Mechanic,Male,90987,Other,Widowed,Fully Meets,3
2636,Gwendolyn,Hogan,0018-09-13,0020-11-04,Area Sales Manager,Jason Hayes,gwendolyn.hogan@bilearner.com,PYZ,Active,Full-Time,Zone B,Temporary,Resignation,Almost across fly recent go.,Sales,General - Eng,20-11-1970,MA,Technician,Male,12113,Asian,Married,Fully Meets,5
3160,Baylee,Warner,0019-03-06,,Production Technician II,Madeline Henderson,baylee.warner@bilearner.com,NEL,Active,Full-Time,Zone A,Part-Time,Unk,,Production,Splicing,18-04-1951,MA,Splicer,Female,69293,Other,Single,Exceeds,4
1254,Alyvia,Sellers,0020-06-22,,Production Technician II,Tracy Ramos,alyvia.sellers@bilearner.com,WBL,Active,Contract,Zone B,Full-Time,Unk,,Production,General - Con,07-06-1950,MA,Groundman,Female,87263,White,Married,Fully Meets,3
2991,Skyler,Drake,0020-03-13,,Production Technician I,Daniel Rowe,skyler.drake@bilearner.com,WBL,Active,Contract,Zone A,Full-Time,Unk,,Production,General - Con,17-03-1999,MA,Technician,Female,5676,White,Single,Exceeds,2
1486,Soren,Merritt,0019-03-07,,Production Technician I,Christopher Smith,soren.merritt@bilearner.com,BPC,Active,Part-Time,Zone A,Full-Time,Unk,,Production,Engineers,13-05-1999,MA,Engineer,Female,53726,Hispanic,Divorced,Fully Meets,3
1050,Steven,Schneider,0020-11-23,,Software Engineer,Jerry Suarez,steven.schneider@bilearner.com,TNS,Active,Contract,Zone B,Temporary,Unk,,Software Engineering,Finance & Accounting,04-07-1993,MA,Accounting,Male,64114,Black,Widowed,Fully Meets,3
2657,Trace,Brandt,0021-11-23,0022-07-20,Area Sales Manager,Jeffrey Hodge,trace.brandt@bilearner.com,BPC,Active,Contract,Zone B,Temporary,Voluntary,Decision decade approach.,Sales,Isp,06-06-1995,AZ,Manager,Male,27097,White,Widowed,Fully Meets,2
3479,Sarai,Stone,0022-08-02,0023-04-02,Area Sales Manager,Madison Wilson,sarai.stone@bilearner.com,NEL,Active,Contract,Zone A,Part-Time,Involuntary,Somebody great could yet.,Sales,Project Management - Con,17-05-1962,TX,Technician,Female,96336,Hispanic,Widowed,Fully Meets,2
1092,Sophia,Theamstern,0022-07-12,,Production Technician I,Martin Jackson,sophia.theamstern@bilearner.com,PYZ,Active,Part-Time,Zone C,Full-Time,Unk,,Production,Field Operations,27-01-1970,MA,Clerk,Female,2066,Hispanic,Divorced,Fully Meets,3
2407,Lamont,Prince,0019-10-06,0023-04-14,Data Analyst,Gary Gray,lamont.prince@bilearner.com,EW,Active,Full-Time,Zone C,Temporary,Involuntary,Throughout thank respond direction.,Production,Finance & Accounting,17-04-1953,MA,Clerk,Male,47723,Other,Widowed,Fully Meets,4
1746,Brad,Pitt,0020-04-23,0022-01-07,Production Technician I,Joshua Gonzalez,brad.pitt@bilearner.com,WBL,Active,Full-Time,Zone A,Full-Time,Voluntary,Them security hit decide.,Production,General - Sga,06-04-1962,MA,Vp,Male,2451,Hispanic,Widowed,Fully Meets,3
2246,Britney,Logan,0020-10-14,0022-04-10,IT Manager - DB,Paul Robertson,britney.logan@bilearner.com,NEL,Active,Contract,Zone B,Part-Time,Resignation,Expect kitchen even anyone. Without agent she.,IT/IS,Field Operations,22-11-1973,MA,Technician,Male,7728,White,Divorced,Fully Meets,4
2425,Alexzander,Guzman,0022-06-19,0023-05-20,Director of Operations,David Patel,alexzander.guzman@bilearner.com,MSC,Active,Contract,Zone C,Full-Time,Resignation,And even room after establish. Me single stage.,Production,Wireline Construction,15-06-1982,MA,Driver,Male,61895,Asian,Divorced,Fully Meets,2
1891,William,Douglas,0020-03-25,,Production Technician I,Wendy Elliott,william.douglas@bilearner.com,NEL,Active,Full-Time,Zone C,Full-Time,Unk,,Production,Aerial,24-06-1946,MA,Labor,Female,6790,Hispanic,Married,Fully Meets,3
3957,Makaila,Nixon,0022-01-03,,Database Administrator,Rose Conner,makaila.nixon@bilearner.com,MSC,Active,Contract,Zone C,Temporary,Unk,,IT/IS,Field Operations,02-01-1991,TX,Administration,Female,36554,Other,Divorced,Fully Meets,3
1775,Julie,Cochran,0018-10-06,0019-12-12,Production Technician I,Scott Smith,julie.cochran@bilearner.com,TNS,Active,Contract,Zone A,Full-Time,Involuntary,Sing participant involve themselves plan.,Production,Engineers,11-05-1997,MA,Engineer,Male,23434,Black,Single,Fully Meets,3
2433,Darryl,Wiley,0020-04-22,0022-08-03,Production Manager,Edwin Freeman,darryl.wiley@bilearner.com,MSC,Active,Contract,Zone C,Temporary,Retirement,Game play arm argue blood try here.,Production,Engineers,30-08-1976,MA,Project Manager,Male,28492,White,Widowed,Fully Meets,1
3976,Kinsley,Braun,0021-10-22,,Sr. DBA,Curtis Mathis,kinsley.braun@bilearner.com,MSC,Active,Full-Time,Zone C,Temporary,Unk,,IT/IS,Field Operations,17-11-1991,MA,Laborer,Female,24094,White,Divorced,Fully Meets,3
1104,Sean,Bernstein,0019-06-16,,Production Technician I,Matthew West,sean.bernstein@bilearner.com,PYZ,Active,Part-Time,Zone C,Temporary,Unk,,Production,General - Eng,14-09-1995,MA,Supervisor,Male,2072,Asian,Divorced,Fully Meets,3
2892,Laila,Wiggins,0021-04-10,0022-11-01,Production Technician I,Gregory Lee,laila.wiggins@bilearner.com,WBL,Active,Contract,Zone A,Full-Time,Resignation,Sure truth clear father experience can.,Production,Catv,06-12-1960,MA,Lineman,Male,26250,Hispanic,Divorced,Fully Meets,2
3132,Ximena,Suarez,0020-04-27,0022-10-18,Production Technician I,Brian Gregory,ximena.suarez@bilearner.com,EW,Active,Full-Time,Zone A,Full-Time,Involuntary,Program personal mean life source reach.,Production,Field Operations,20-09-1979,MA,Laborer,Female,12694,Asian,Divorced,Fully Meets,4
2073,Armani,Barker,0023-03-03,0023-08-06,Production Technician II,Daniel Lee,armani.barker@bilearner.com,PYZ,Active,Part-Time,Zone B,Full-Time,Involuntary,Drug remain total marriage ago raise.,Production,Field Operations,18-07-1956,MA,Manager,Female,52861,Hispanic,Single,Fully Meets,3
1213,Tamia,Sharp,0020-02-23,,Production Technician II,Joe Miller,tamia.sharp@bilearner.com,MSC,Active,Part-Time,Zone A,Part-Time,Unk,,Production,Project Management - Con,22-03-1987,MA,Coordinator,Female,41849,White,Married,Fully Meets,3
3104,Ashton,Winters,0022-05-29,,Production Technician I,Matthew Smith,ashton.winters@bilearner.com,PYZ,Active,Contract,Zone C,Part-Time,Unk,,Production,General - Con,14-01-1944,MA,Technician,Female,71716,Black,Married,Fully Meets,2
3056,Lyric,Butler,0022-06-21,,Production Technician I,Brittany Johnson,lyric.butler@bilearner.com,MSC,Active,Part-Time,Zone A,Temporary,Unk,,Production,Wireless,29-10-1943,MA,Manager,Female,56056,Other,Divorced,Fully Meets,5
2020,Angelique,Mathis,0021-05-08,0022-08-05,Production Technician II,Allison Fox,angelique.mathis@bilearner.com,TNS,Active,Part-Time,Zone A,Full-Time,Involuntary,Law safe yard market likely wife case action.,Production,Wireline Construction,14-02-1946,MA,Billing,Female,47869,Black,Widowed,Fully Meets,3
3539,Chaz,Bruce,0019-12-08,,Area Sales Manager,John Johnson,chaz.bruce@bilearner.com,BPC,Active,Full-Time,Zone C,Temporary,Unk,,Sales,General - Con,27-11-1983,CO,Foreman,Male,74448,Hispanic,Single,Fully Meets,5
3837,Mia,Cowan,0022-10-02,0022-11-13,IT Support,Thomas Weaver,mia.cowan@bilearner.com,BPC,Active,Part-Time,Zone A,Part-Time,Resignation,Often my different just.,IT/IS,Finance & Accounting,27-08-1956,MA,Administrative,Male,72879,Other,Single,PIP,3
2750,Patrick,Moran,0022-06-04,,Production Technician II,Timothy Roman,patrick.moran@bilearner.com,TNS,Active,Full-Time,Zone B,Full-Time,Unk,,Production,Field Operations,03-04-1949,MA,Laborer,Male,2127,Asian,Divorced,Fully Meets,4
3319,Madelynn,Murillo,0019-10-09,,Production Technician II,Bradley Snyder,madelynn.murillo@bilearner.com,NEL,Active,Full-Time,Zone B,Temporary,Unk,,Production,Field Operations,25-01-1963,MA,Laborer,Female,34874,Hispanic,Married,Fully Meets,3
3257,Sanaa,Reilly,0020-11-19,,Production Technician II,Jeffrey Terry,sanaa.reilly@bilearner.com,PL,Active,Full-Time,Zone A,Full-Time,Unk,,Production,Wireline Construction,10-04-1986,MA,Laborer,Female,89893,Other,Single,Fully Meets,3
1377,Larissa,Douglas,0021-03-03,0021-07-10,Administrative Assistant,Harry Ellis,larissa.douglas@bilearner.com,SVG,Active,Part-Time,Zone A,Full-Time,Resignation,Current budget certain interview increase.,Admin Offices,General - Con,18-05-1968,MA,Technician,Female,67773,White,Divorced,Exceeds,3
1396,Shari,Ngodup,0019-05-04,0021-02-15,Production Technician I,Jorge Taylor,shari.ngodup@bilearner.com,SVG,Active,Part-Time,Zone A,Full-Time,Resignation,Vote look produce consider Mr war.,Production,General - Eng,07-09-1956,MA,Engineer,Female,1810,Hispanic,Married,Exceeds,3
3810,Ann,Daniele,0020-02-16,,Sr. Network Engineer,Thomas Wilson,ann.daniele@bilearner.com,PL,Active,Full-Time,Zone A,Temporary,Unk,,IT/IS,General - Sga,10-10-1959,CT,Administrator,Female,6033,Black,Single,Fully Meets,3
2640,Magdalena,Whitehead,0021-08-28,0022-09-06,Area Sales Manager,Jacob Perez,magdalena.whitehead@bilearner.com,BPC,Active,Contract,Zone B,Full-Time,Voluntary,Company set policy drop become single.,Sales,Wireline Construction,06-11-1962,AZ,Foreman,Male,9642,Black,Single,Fully Meets,4
2457,George,Meyers,0018-08-24,,Production Manager,David Fox,george.meyers@bilearner.com,PL,Active,Part-Time,Zone A,Part-Time,Unk,,Production,Field Operations,14-04-1961,MA,Groundman,Male,82947,Hispanic,Single,Fully Meets,2
1573,Ryann,Tapia,0021-03-17,,Production Technician I,Kim Mcintyre,ryann.tapia@bilearner.com,CCDR,Active,Contract,Zone A,Part-Time,Unk,,Production,Shop (Fleet),19-01-1985,MA,Manager,Female,21985,Other,Widowed,Fully Meets,3
2403,Ellis,Maldonado,0020-08-06,0022-07-29,Production Manager,Michael Hayes,ellis.maldonado@bilearner.com,BPC,Active,Full-Time,Zone C,Temporary,Retirement,Each himself anything you.,Production,Finance & Accounting,22-03-1958,MA,Administrative,Female,48453,Hispanic,Married,Fully Meets,4
2763,Paula,Gross,0019-10-19,,Production Technician I,Katelyn Coleman,paula.gross@bilearner.com,NEL,Active,Part-Time,Zone C,Full-Time,Unk,,Production,Field Operations,18-05-1991,MA,Construction Manager,Female,2176,Hispanic,Single,Fully Meets,2
3421,Brenden,Leach,0022-05-09,0022-09-08,Production Technician I,Donna Lawson,brenden.leach@bilearner.com,PL,Active,Part-Time,Zone A,Part-Time,Retirement,Man the newspaper performance.,Production,Wireless,11-06-1959,MA,Foreman,Female,57340,Other,Divorced,Fully Meets,1
2039,Carson,Pennington,0022-04-22,,Production Technician I,Andrea Riley,carson.pennington@bilearner.com,TNS,Active,Full-Time,Zone B,Full-Time,Unk,,Production,Field Operations,04-10-1957,MA,Operator,Female,29345,White,Single,Fully Meets,3
3640,Kale,House,0023-01-07,,Production Technician I,Gina Leon,kale.house@bilearner.com,SVG,Active,Contract,Zone A,Temporary,Unk,,Production,Field Operations,21-09-2000,MA,Foreman,Female,48077,Asian,Divorced,Fully Meets,3
1655,Chloe,Gould,0023-07-18,,Area Sales Manager,Lisa Thompson,chloe.gould@bilearner.com,TNS,Active,Part-Time,Zone A,Temporary,Unk,,IT/IS,Wireline Construction,01-09-1942,MA,Project Manager,Male,3563,Black,Married,Fully Meets,3
2934,Triston,Ewing,0021-10-24,0022-08-29,Production Technician I,Diana Stewart,triston.ewing@bilearner.com,WBL,Active,Contract,Zone B,Temporary,Resignation,Ball total direction school.,Production,Field Operations,14-11-1963,MA,Laborer,Male,63659,Asian,Widowed,Fully Meets,2
1427,Jean,Duffy,0019-02-22,,Production Technician II,Barry Payne,jean.duffy@bilearner.com,CCDR,Active,Full-Time,Zone A,Part-Time,Unk,,Production,Engineers,09-05-1953,MA,Project Manager,Male,96208,Asian,Divorced,Needs Improvement,3
3142,Ingrid,Wilkins,0021-02-10,,Production Technician I,Theresa Foster,ingrid.wilkins@bilearner.com,CCDR,Active,Full-Time,Zone B,Part-Time,Unk,,Production,General - Con,20-07-1949,MA,Flagger,Female,49701,White,Single,Fully Meets,4
2953,Cannon,Morgan,0019-11-05,,Production Technician I,Nicole Henderson,cannon.morgan@bilearner.com,TNS,Active,Full-Time,Zone B,Full-Time,Unk,,Production,Field Operations,19-03-1957,MA,Technician,Male,95723,Other,Widowed,Fully Meets,5
2682,Keagan,Hutchinson,0020-07-28,,Area Sales Manager,Zachary Ortiz,keagan.hutchinson@bilearner.com,NEL,Active,Contract,Zone A,Temporary,Unk,,Sales,Field Operations,05-06-1976,NY,Supervisor,Male,73798,Asian,Widowed,Fully Meets,2
3174,Roy,Pratt,0022-10-12,0023-07-03,Production Technician I,Tracy Warner,roy.pratt@bilearner.com,BPC,Active,Full-Time,Zone C,Part-Time,Involuntary,Only something seven relate leg however.,Production,Catv,13-06-1961,MA,Foreman,Female,59255,Hispanic,Single,Fully Meets,5
1271,Harley,Abbott,0020-04-26,,Production Technician I,Brenda Johnson,harley.abbott@bilearner.com,PYZ,Active,Full-Time,Zone A,Part-Time,Unk,,Production,General - Sga,16-11-1951,MA,Foreman,Female,95232,Asian,Widowed,Fully Meets,3
1716,Tyrell,Fuentes,0020-11-02,0022-06-21,BI Director,Steven Oliver,tyrell.fuentes@bilearner.com,NEL,Active,Contract,Zone C,Part-Time,Involuntary,Can conference couple similar anything.,IT/IS,General - Con,19-03-1961,MA,Flagger,Female,21457,Asian,Widowed,Fully Meets,3
1392,Jeanette,Tippett,0019-06-07,0019-08-15,Production Technician I,David Stephens,jeanette.tippett@bilearner.com,PL,Active,Part-Time,Zone A,Part-Time,Involuntary,Because wind like.,Production,Field Operations,25-02-1955,MA,Operator,Female,2093,Hispanic,Widowed,Exceeds,3
2393,Rhett,Holmes,0018-12-05,0021-09-15,Production Manager,Michael Morse,rhett.holmes@bilearner.com,NEL,Active,Full-Time,Zone C,Part-Time,Involuntary,Line believe write might anything yet.,Production,Engineers,04-09-1993,MA,Engineer,Female,79531,Other,Widowed,Fully Meets,5
3743,Mercedes,Cook,0020-05-30,,Production Technician I,Stephanie Valdez,mercedes.cook@bilearner.com,WBL,Active,Contract,Zone A,Part-Time,Unk,,Production,General - Con,13-09-1950,MA,Locator,Male,13394,Black,Married,Fully Meets,2
1739,Hang T,Wolk,0019-07-15,0023-05-01,Production Technician II,Michael Farmer,hang t.wolk@bilearner.com,CCDR,Active,Contract,Zone B,Full-Time,Involuntary,Large relate work treatment Mrs.,Production,Aerial,11-01-1982,MA,Laborer,Female,2302,Hispanic,Married,Fully Meets,3
2634,Hezekiah,Mcgee,0023-03-12,,Administrative Assistant,David Clark,hezekiah.mcgee@bilearner.com,PYZ,Active,Part-Time,Zone B,Temporary,Unk,,Sales,Field Operations,16-02-1943,WA,Technician,Female,12008,Asian,Single,Fully Meets,4
1468,Coleman,Bridges,0018-12-27,,Production Technician I,Michael Flowers,coleman.bridges@bilearner.com,TNS,Active,Contract,Zone A,Part-Time,Unk,,Production,Field Operations,30-08-1965,MA,Laborer,Female,24605,Hispanic,Divorced,Exceeds,3
2530,Hana,Lucero,0022-10-20,0023-07-07,Software Engineer,Mr. John Long,hana.lucero@bilearner.com,PL,Active,Part-Time,Zone C,Temporary,Retirement,Scientist strong team civil quality.,Software Engineering,Yard (Material Handling),11-04-1980,MA,Attendant,Male,75065,White,Divorced,Fully Meets,2
1813,Valentin,Lam,0020-08-04,,Production Technician I,James Meyer,valentin.lam@bilearner.com,NEL,Active,Contract,Zone C,Temporary,Unk,,Production,Aerial,12-01-1980,MA,Lineman,Female,61521,Other,Divorced,Fully Meets,3
2666,Kaylyn,Frye,0018-11-07,0022-01-08,Area Sales Manager,Taylor Lopez,kaylyn.frye@bilearner.com,PL,Active,Part-Time,Zone C,Full-Time,Retirement,Audience run degree that your beyond cell.,Sales,Yard (Material Handling),19-01-1946,WA,Runner,Female,91544,Other,Single,Fully Meets,4
3972,Eleanor,Patton,0022-07-26,,Database Administrator,Raymond Wilson,eleanor.patton@bilearner.com,TNS,Active,Part-Time,Zone B,Part-Time,Unk,,IT/IS,General - Con,07-06-1955,TX,Foreman,Female,21727,Black,Divorced,Fully Meets,3
1989,Alec,Stephens,0020-02-25,,Production Technician II,Jessica Garcia,alec.stephens@bilearner.com,PL,Active,Full-Time,Zone A,Temporary,Unk,,Production,Field Operations,14-06-2000,MA,Groundman,Female,51952,Other,Married,Fully Meets,3
3795,Kaitlynn,Serrano,0022-07-14,,Production Technician I,Brandi Howell,kaitlynn.serrano@bilearner.com,CCDR,Active,Part-Time,Zone A,Part-Time,Unk,,Production,General - Sga,01-08-1989,MA,Manager,Male,59081,White,Divorced,Exceeds,3
1784,Trystan,Ramos,0023-08-02,0023-08-02,Production Technician I,Mr. John Thomas,trystan.ramos@bilearner.com,WBL,Active,Part-Time,Zone A,Temporary,Retirement,Need challenge education bank upon reach fall.,Production,General - Con,30-03-1971,MA,Technician,Female,14325,Other,Divorced,Fully Meets,3
2610,Ronald,Marquez,0022-09-23,0023-01-25,Area Sales Manager,Kelly James,ronald.marquez@bilearner.com,TNS,Active,Full-Time,Zone B,Full-Time,Retirement,Join difference order size occur entire sell.,Sales,General - Con,30-12-1947,TN,Foreman,Male,90224,White,Widowed,Fully Meets,2
2397,Marcos,Sloan,0018-09-19,0019-04-29,Production Manager,Barry Powell,marcos.sloan@bilearner.com,TNS,Active,Part-Time,Zone B,Full-Time,Retirement,Husband should TV sport message friend history.,Production,Field Operations,22-08-1990,MA,Laborer,Female,90692,Other,Widowed,Fully Meets,2
1780,Colton,Booker,0022-12-10,0023-02-11,Production Technician I,Jason Taylor,colton.booker@bilearner.com,BPC,Active,Contract,Zone C,Temporary,Retirement,Half nice continue serious move lay itself.,Production,Field Operations,11-07-1993,MA,Engineer,Female,17208,Hispanic,Widowed,Fully Meets,3
3376,Maren,Anderson,0023-07-06,,Production Technician I,Christopher Sexton,maren.anderson@bilearner.com,PL,Active,Part-Time,Zone B,Temporary,Unk,,Production,Field Operations,11-11-1986,MA,Technician,Female,7445,Asian,Single,Exceeds,5
3040,Areli,Torres,0020-12-14,,Production Technician I,Caleb Floyd Jr.,areli.torres@bilearner.com,CCDR,Active,Full-Time,Zone A,Full-Time,Unk,,Production,Field Operations,01-02-1984,MA,Groundman,Female,31946,White,Divorced,Fully Meets,5
3299,Devyn,Pace,0022-11-10,,Production Technician II,Tabitha Cunningham,devyn.pace@bilearner.com,MSC,Active,Part-Time,Zone A,Full-Time,Unk,,Production,Wireline Construction,10-06-1975,MA,Supervisor,Male,51576,White,Widowed,Fully Meets,4
3588,Selena,Greer,0019-06-25,0019-08-15,Production Technician I,Paul Lopez,selena.greer@bilearner.com,NEL,Active,Full-Time,Zone C,Full-Time,Retirement,Everybody no four arrive major ten culture.,Production,Shop (Fleet),08-03-1972,MA,Mechanic,Male,14504,Black,Widowed,Fully Meets,2
1099,Seffi,Shields,0022-03-25,0022-04-22,Production Technician I,Robert Sullivan,seffi.shields@bilearner.com,SVG,Active,Part-Time,Zone A,Part-Time,Retirement,Person say might throw war scientist.,Production,Field Operations,24-12-1971,MA,Laborer,Female,2149,Other,Single,Fully Meets,3
1022,Frederick,Howe,0022-09-19,,Software Engineer,Nicole Haynes,frederick.howe@bilearner.com,PYZ,Active,Part-Time,Zone A,Temporary,Unk,,Software Engineering,Field Operations,11-06-1962,MA,Engineer,Male,12765,Black,Divorced,Fully Meets,3
3648,Keyon,Hensley,0022-02-23,,Production Technician II,Peter Smith,keyon.hensley@bilearner.com,MSC,Active,Contract,Zone A,Full-Time,Unk,,Production,Aerial,27-06-1948,MA,Lineman,Female,76615,Other,Divorced,Exceeds,4
1091,Carl,Desimone,0018-11-16,0021-04-03,Production Technician I,Daniel Booth,carl.desimone@bilearner.com,PYZ,Active,Contract,Zone B,Temporary,Involuntary,Fine use card current agent.,Production,General - Sga,26-08-1986,MA,Supervisor,Male,2061,Asian,Single,Fully Meets,3
2019,Emery,Peck,0022-03-26,,Production Technician II,Danielle Little,emery.peck@bilearner.com,SVG,Active,Full-Time,Zone C,Temporary,Unk,,Production,Field Operations,08-01-1977,MA,Laborer,Female,65810,White,Widowed,Fully Meets,3
2053,Kolten,Kim,0021-09-27,,Production Technician I,Curtis Gonzales,kolten.kim@bilearner.com,EW,Active,Part-Time,Zone B,Temporary,Unk,,Production,Engineers,09-02-1989,MA,Engineer,Female,34501,White,Divorced,Fully Meets,3
3812,Sarah,Warfield,0019-02-13,0020-08-06,Sr. Network Engineer,Julie Lewis,sarah.warfield@bilearner.com,BPC,Active,Contract,Zone B,Full-Time,Resignation,Center west table security.,IT/IS,General - Eng,24-05-1985,MA,Administrative,Female,2453,Hispanic,Single,Fully Meets,3
1745,Lindsey,Langford,0022-02-05,,Production Technician II,Erin Castro,lindsey.langford@bilearner.com,EW,Active,Contract,Zone C,Part-Time,Unk,,Production,Aerial,26-09-1989,MA,Foreman,Female,2090,Other,Widowed,Fully Meets,3
3703,Addisyn,Guerrero,0020-08-31,0022-06-26,Production Technician I,Cory Lee,addisyn.guerrero@bilearner.com,EW,Active,Part-Time,Zone A,Part-Time,Resignation,Tax herself interview maybe control.,Production,Engineers,15-02-1951,MA,Engineer,Female,87563,White,Widowed,Exceeds,4
2387,Gretchen,Richards,0022-06-27,0023-01-05,President & CEO,Brandi Lambert,gretchen.richards@bilearner.com,SVG,Active,Contract,Zone C,Temporary,Resignation,Somebody air turn. Dark civil any serious.,Production,Safety,28-05-1994,MA,Safety,Male,40201,Hispanic,Widowed,Fully Meets,1
1897,Danna,Rollins,0021-11-14,,Production Technician II,Lauren Wilson,danna.rollins@bilearner.com,NEL,Active,Full-Time,Zone C,Temporary,Unk,,Production,Field Operations,20-07-1948,MA,Laborer,Male,38371,Asian,Divorced,Fully Meets,3
2815,Luke,Burke,0023-07-23,,Production Technician I,David Smith,luke.burke@bilearner.com,EW,Active,Contract,Zone C,Part-Time,Unk,,Production,Project Management - Con,29-07-1978,MA,Manager,Female,62651,Asian,Single,Fully Meets,4
2052,Blaine,Contreras,0020-06-10,0022-11-13,Production Technician I,Dr. Donald Henry,blaine.contreras@bilearner.com,SVG,Active,Part-Time,Zone B,Part-Time,Involuntary,Mean car law read friend growth.,Production,Field Operations,12-05-1956,MA,Laborer,Female,61020,Hispanic,Married,Fully Meets,3
2035,Raymond,Gillespie,0020-06-06,0021-11-23,Production Technician I,Alicia Horton,raymond.gillespie@bilearner.com,CCDR,Active,Full-Time,Zone C,Full-Time,Retirement,Race a way theory analysis.,Production,Aerial,14-03-2001,MA,Lineman,Female,44292,Asian,Married,Fully Meets,3
1449,Tara,Alvarado,0022-11-15,,Production Technician II,Ashley Gamble,tara.alvarado@bilearner.com,PL,Active,Part-Time,Zone B,Temporary,Unk,,Production,General - Sga,14-09-1965,MA,Administrator,Male,82061,Other,Divorced,Needs Improvement,3
2817,Camila,Hodges,0023-01-11,,Production Technician I,Theresa Davis,camila.hodges@bilearner.com,TNS,Active,Contract,Zone A,Part-Time,Unk,,Production,Field Operations,12-09-1998,MA,Laborer,Male,79678,White,Widowed,Fully Meets,4
1555,Hazel,Ponce,0019-03-27,,Production Technician II,Kenneth Reeves,hazel.ponce@bilearner.com,PL,Active,Part-Time,Zone A,Part-Time,Unk,,Production,Field Operations,26-04-1966,MA,Technician,Female,86977,Hispanic,Divorced,Fully Meets,3
2755,Michael,Carey,0022-05-26,,Production Technician I,Connor Macdonald,michael.carey@bilearner.com,EW,Active,Contract,Zone B,Temporary,Unk,,Production,General - Con,20-11-1955,MA,Technician,Male,1701,Other,Single,Fully Meets,2
2551,Coby,Giles,0023-05-04,0023-07-02,Software Engineer,Edwin Chen,coby.giles@bilearner.com,NEL,Active,Full-Time,Zone B,Temporary,Voluntary,Will low work decade site.,Software Engineering,General - Con,12-05-1988,MA,Manager,Female,49964,Other,Widowed,Fully Meets,1
3014,Amelia,Gamble,0022-11-23,0022-12-09,Production Technician I,Danielle Long,amelia.gamble@bilearner.com,EW,Active,Contract,Zone B,Temporary,Resignation,Bring guy religious week second technology.,Production,Field Operations,17-07-1967,MA,Flagger,Male,81914,Hispanic,Single,PIP,2
1016,Jayda,Reese,0020-02-21,0021-05-29,Senior BI Developer,Tyler Davis,jayda.reese@bilearner.com,PL,Active,Part-Time,Zone B,Part-Time,Involuntary,Friend agree stock teach price fish.,Admin Offices,Shop (Fleet),08-03-1956,MA,Mechanic,Female,64065,White,Single,Fully Meets,3
1778,Cannon,Lee,0019-04-25,,Production Technician I,Brandon Mcdonald,cannon.lee@bilearner.com,NEL,Active,Full-Time,Zone B,Full-Time,Unk,,Production,General - Con,18-05-1949,MA,Foreman,Female,91836,Other,Widowed,Fully Meets,3
1405,Shana,Petingill,0018-12-08,0022-06-11,Production Technician II,Lisa Peters,shana.petingill@bilearner.com,PL,Active,Part-Time,Zone A,Temporary,Involuntary,President TV note reach bad.,Production,Field Operations,30-03-1977,MA,Construction Manager,Female,2050,Other,Single,Exceeds,3
2086,Eliza,Munoz,0021-05-31,0021-11-12,Production Technician I,Steven Short,eliza.munoz@bilearner.com,PL,Active,Contract,Zone A,Part-Time,Retirement,Capital course trade.,Production,General - Con,14-11-1978,MA,Laborer,Female,26272,Asian,Divorced,Fully Meets,3
2742,Samir,Gray,0022-04-23,0022-12-16,Area Sales Manager,Chad Boone,samir.gray@bilearner.com,PYZ,Active,Full-Time,Zone B,Full-Time,Retirement,Thing stock near question mouth.,Sales,Field Operations,09-10-1991,NH,Foreman,Male,47497,Asian,Married,Fully Meets,2
2205,Gia,Franco,0022-04-13,0023-07-30,Production Technician I,Jason Boyd,gia.franco@bilearner.com,BPC,Active,Full-Time,Zone B,Full-Time,Involuntary,Article machine reflect land lose simply medical.,Production,General - Sga,13-01-1944,MA,Administrator,Female,32235,Black,Divorced,Needs Improvement,4
3691,Chace,Church,0020-11-23,,Production Technician I,David Valenzuela,chace.church@bilearner.com,TNS,Active,Part-Time,Zone C,Full-Time,Unk,,Production,Finance & Accounting,03-01-1993,MA,Manager,Male,34316,Asian,Single,Needs Improvement,1
3087,Corinne,Campos,0023-07-03,,Production Technician I,Duane Kelly,corinne.campos@bilearner.com,CCDR,Active,Contract,Zone B,Part-Time,Unk,,Production,Project Management - Con,08-02-1948,MA,Coordinator,Female,51274,Black,Married,Fully Meets,4
2139,Kaleb,Elliott,0020-05-05,,Production Technician II,Laura Fernandez,kaleb.elliott@bilearner.com,MSC,Active,Part-Time,Zone B,Full-Time,Unk,,Production,Aerial,30-03-1968,MA,Laborer,Female,3763,White,Widowed,Exceeds,2
2937,Kianna,Wilkerson,0020-08-01,,Production Technician I,Amy Dominguez,kianna.wilkerson@bilearner.com,BPC,Active,Contract,Zone A,Temporary,Unk,,Production,Yard (Material Handling),23-07-1952,MA,Supervisor,Male,53421,Black,Married,Needs Improvement,2
2714,Julie,Lloyd,0023-02-23,0023-04-20,Area Sales Manager,Keith Martinez,julie.lloyd@bilearner.com,NEL,Active,Part-Time,Zone C,Temporary,Resignation,Break price parent seat natural whatever.,Sales,Field Operations,11-07-1972,WA,Tower Hand,Male,3780,Asian,Widowed,Fully Meets,1
2694,Adam,Beltran,0023-05-26,0023-07-14,Area Sales Manager,Mackenzie Cole,adam.beltran@bilearner.com,MSC,Active,Full-Time,Zone C,Full-Time,Involuntary,Movie before ability. Seem watch deal center.,Sales,Engineers,15-12-1980,ID,Director,Male,16500,Black,Widowed,Fully Meets,4
1832,April,Bentley,0019-11-03,,Production Technician I,Bradley Randall,april.bentley@bilearner.com,NEL,Active,Contract,Zone A,Part-Time,Unk,,Production,Engineers,01-06-1956,MA,Engineer,Female,70743,White,Married,Needs Improvement,3
1378,Konnor,Rivas,0022-06-13,,Accountant I,Michael Mathis,konnor.rivas@bilearner.com,EW,Active,Full-Time,Zone C,Part-Time,Unk,,Admin Offices,Fielders,06-03-1975,MA,Engineer,Female,12640,White,Married,PIP,3
3291,Shamar,Serrano,0023-08-01,,Production Technician I,Dustin Hoffman,shamar.serrano@bilearner.com,WBL,Active,Contract,Zone C,Full-Time,Unk,,Production,General - Con,09-08-1957,MA,Flagger,Male,50905,Hispanic,Married,Fully Meets,2
2978,Sam,Athwal,0022-08-16,,Production Technician I,Jeremy Taylor,sam.athwal@bilearner.com,CCDR,Active,Full-Time,Zone C,Part-Time,Unk,,Production,Yard (Material Handling),11-09-1981,MA,Supervisor,Male,2199,Hispanic,Divorced,Fully Meets,4
2706,Yadiel,Riggs,0018-12-13,0019-01-13,Area Sales Manager,Eric Byrd,yadiel.riggs@bilearner.com,NEL,Active,Part-Time,Zone A,Part-Time,Involuntary,Can last meet shake imagine he.,Sales,Field Operations,24-09-1975,NC,Electrician,Male,39922,Asian,Widowed,Fully Meets,2
1624,Charlie,Wang,0023-05-12,0023-05-16,Senior BI Developer,Maria Rivera,charlie.wang@bilearner.com,WBL,Active,Full-Time,Zone A,Temporary,Resignation,Call certain industry out believe show.,IT/IS,Field Operations,22-10-1996,MA,Top Hand,Male,1887,White,Widowed,Needs Improvement,3
1970,Trina,Alagbe,0022-04-21,0022-04-21,Production Technician I,Mark Bradley,trina.alagbe@bilearner.com,PYZ,Active,Part-Time,Zone C,Temporary,Retirement,Push must right.,Production,Field Operations,17-04-1952,MA,Foreman,Female,1886,Other,Single,Fully Meets,3
3036,Reece,Potts,0020-07-05,,Production Technician I,Barbara Perkins,reece.potts@bilearner.com,WBL,Active,Full-Time,Zone B,Temporary,Unk,,Production,Technology / It,28-06-1957,MA,Administrator,Female,94333,White,Widowed,Fully Meets,2
2027,Liam,Figueroa,0019-05-22,,Production Technician I,Michael Ortiz,liam.figueroa@bilearner.com,EW,Active,Part-Time,Zone A,Full-Time,Unk,,Production,Fielders,04-08-1974,MA,Engineer,Female,42458,Black,Single,Fully Meets,3
3101,Bethany,Mckay,0023-01-23,,Production Technician I,Erica Harper,bethany.mckay@bilearner.com,EW,Active,Full-Time,Zone B,Full-Time,Unk,,Production,General - Con,09-03-1961,MA,Technician,Female,79029,Asian,Single,Fully Meets,2
2048,Khalil,Lee,0022-02-07,,Production Technician II,Adam Bates,khalil.lee@bilearner.com,PYZ,Active,Contract,Zone B,Part-Time,Unk,,Production,Aerial,06-04-1995,MA,Laborer,Female,4321,Asian,Married,Fully Meets,3
2665,Abdiel,Good,0020-03-15,,Area Sales Manager,Jessica Harrison,abdiel.good@bilearner.com,NEL,Active,Contract,Zone A,Part-Time,Unk,,Sales,Splicing,14-07-1991,NY,Splicer,Male,33859,Hispanic,Married,Fully Meets,4
3721,Johnny,Goodman,0020-02-12,0020-04-07,Production Technician I,Loretta Gonzalez,johnny.goodman@bilearner.com,NEL,Active,Full-Time,Zone B,Full-Time,Resignation,Recent agent choose dark hard eye.,Production,Fielders,24-03-1960,MA,Engineer,Male,24794,Black,Widowed,Fully Meets,2
2674,Clay,Compton,0022-07-15,,Area Sales Manager,Kevin Parrish,clay.compton@bilearner.com,BPC,Active,Part-Time,Zone A,Part-Time,Unk,,Sales,Fielders,16-12-1968,AZ,Engineer,Male,31528,White,Widowed,Fully Meets,1
1974,Jene'ya,Darson,0021-04-14,,Production Technician I,Robert Joseph,jene'ya.darson@bilearner.com,NEL,Active,Part-Time,Zone A,Temporary,Unk,,Production,Aerial,29-12-1968,MA,Supervisor,Female,2110,White,Widowed,Fully Meets,3
1493,Bradley,Barnes,0022-08-03,,Production Technician II,Kimberly Rivera,bradley.barnes@bilearner.com,SVG,Active,Full-Time,Zone B,Temporary,Unk,,Production,Field Operations,19-07-1980,MA,Laborer,Male,57107,Black,Married,Fully Meets,3
3749,Kayden,Soto,0021-02-16,,Production Technician I,Samantha Pugh,kayden.soto@bilearner.com,EW,Active,Full-Time,Zone A,Full-Time,Unk,,Production,Project Management - Eng,02-05-1985,MA,Planner,Female,27488,Other,Married,Fully Meets,4
2496,Selina,Mullins,0020-09-28,0023-03-27,Director of Sales,Brian Thompson,selina.mullins@bilearner.com,PL,Active,Part-Time,Zone B,Temporary,Retirement,Reduce evidence policy clear nothing at.,IT/IS,Underground,18-03-1961,MA,Operator,Male,55912,Other,Single,Fully Meets,2
2545,Odin,Key,0018-12-22,,IT Manager - DB,Michael Whitehead,odin.key@bilearner.com,PYZ,Active,Contract,Zone B,Full-Time,Unk,,IT/IS,Project Management - Con,08-10-1951,MA,Coordinator,Male,57785,Hispanic,Widowed,Fully Meets,4
3916,Jonas,Rowland,0022-06-27,,Network Engineer,Stephanie Harris,jonas.rowland@bilearner.com,WBL,Active,Part-Time,Zone C,Temporary,Unk,,IT/IS,Project Management - Con,25-05-1964,MA,Coordinator,Male,14939,Other,Widowed,Fully Meets,3
2748,Melinda,Saar-Beckles,0022-07-11,,Production Technician I,Deanna Kerr,melinda.saar-beckles@bilearner.com,PYZ,Active,Full-Time,Zone C,Full-Time,Unk,,Production,General - Sga,15-06-1964,MA,Laborer,Female,1801,Hispanic,Widowed,Fully Meets,1
2770,Neveah,Bird,0021-07-05,,Production Technician I,Richard Davis,neveah.bird@bilearner.com,PL,Active,Part-Time,Zone A,Part-Time,Unk,,Production,Field Operations,19-11-1945,MA,Laborer,Male,65497,Black,Divorced,Fully Meets,5
3546,Paris,Carr,0021-07-31,0023-01-27,Area Sales Manager,Jeffrey Huffman,paris.carr@bilearner.com,CCDR,Active,Full-Time,Zone B,Part-Time,Voluntary,Baby million million soldier.,Sales,General - Con,14-07-1980,ND,Foreman,Male,35786,Hispanic,Widowed,Exceeds,1
1712,Quintin,Hicks,0018-12-12,,Senior BI Developer,Joanna Lewis,quintin.hicks@bilearner.com,CCDR,Active,Full-Time,Zone A,Temporary,Unk,,IT/IS,Engineers,29-02-1972,MA,Engineer,Female,72035,Black,Single,Fully Meets,3
2683,Charlize,Ballard,0021-12-31,,Area Sales Manager,Kimberly Soto,charlize.ballard@bilearner.com,PL,Active,Contract,Zone A,Temporary,Unk,,Sales,General - Con,14-10-1952,WA,Laborer,Female,86439,Other,Divorced,Fully Meets,4
1800,Kyan,Morrison,0019-10-18,0021-04-19,Production Technician I,Bethany Wilkerson,kyan.morrison@bilearner.com,TNS,Active,Part-Time,Zone C,Full-Time,Resignation,Own while top huge.,Production,Wireline Construction,05-04-1976,MA,Lineman,Female,57065,Black,Divorced,Fully Meets,3
3636,Marc,Chandler,0020-01-29,,Production Technician I,Jennifer Soto,marc.chandler@bilearner.com,NEL,Active,Contract,Zone B,Temporary,Unk,,Production,Catv,13-03-1982,MA,Supervisor,Male,10775,Asian,Divorced,Fully Meets,3
2468,Kailyn,Torres,0019-05-06,,Production Manager,Justin Cook,kailyn.torres@bilearner.com,MSC,Active,Part-Time,Zone A,Part-Time,Unk,,Production,General - Con,15-11-1957,MA,Laborer,Male,53359,Hispanic,Married,Fully Meets,5
1987,Chase,Horn,0018-11-09,,Production Technician I,Richard Davis II,chase.horn@bilearner.com,MSC,Active,Full-Time,Zone C,Part-Time,Unk,,Production,General - Sga,27-05-1967,MA,Administrator,Female,75570,White,Single,Fully Meets,3
2726,Martin,Herrera,0021-05-12,0021-11-07,Area Sales Manager,Rachel White,martin.herrera@bilearner.com,TNS,Active,Contract,Zone B,Full-Time,Retirement,Vote yard sign address lead knowledge front.,Sales,Wireline Construction,23-02-1971,NY,Groundman,Male,20036,Asian,Single,Fully Meets,2
2441,Camden,Mcclure,0021-07-14,,President & CEO,Barry Mcfarland,camden.mcclure@bilearner.com,SVG,Active,Contract,Zone B,Part-Time,Unk,,Production,General - Sga,19-12-1973,MA,Recruiter,Male,94258,Hispanic,Married,Fully Meets,2
3146,Abril,Joseph,0018-12-16,,Production Technician I,Gregory Hall,abril.joseph@bilearner.com,TNS,Active,Part-Time,Zone C,Temporary,Unk,,Production,Project Management - Con,18-10-1978,MA,Coordinator,Female,19021,White,Widowed,Fully Meets,4
1391,Taylor,Sparks,0020-04-02,,Production Technician I,Janet Jones,taylor.sparks@bilearner.com,MSC,Active,Contract,Zone A,Temporary,Unk,,Production,Wireless,18-11-1941,MA,Supervisor,Female,2093,Other,Single,Needs Improvement,3
3649,Elisha,Ruiz,0022-08-13,,Production Technician II,Stephen Green,elisha.ruiz@bilearner.com,TNS,Active,Contract,Zone A,Part-Time,Unk,,Production,Field Operations,06-06-1968,MA,Technician,Female,26602,White,Married,Exceeds,4
3760,Ryan,Tate,0021-08-24,,Production Technician I,Sherry Morris,ryan.tate@bilearner.com,MSC,Active,Full-Time,Zone A,Part-Time,Unk,,Production,General - Con,12-02-1960,MA,Technician,Male,20814,Other,Widowed,Fully Meets,3
1431,Kaley,Ali,0019-03-15,,Production Technician II,Samantha Ross,kaley.ali@bilearner.com,TNS,Active,Full-Time,Zone B,Full-Time,Unk,,Production,Field Operations,31-10-1951,MA,Laborer,Female,16451,Black,Widowed,Exceeds,3
3752,Deven,Morse,0022-07-06,,Production Technician I,Morgan Ross,deven.morse@bilearner.com,PYZ,Active,Full-Time,Zone A,Temporary,Unk,,Production,Engineers,12-10-1954,MA,Engineer,Male,11664,White,Divorced,Fully Meets,2
3970,Macy,Webster,0020-10-04,0023-04-27,Database Administrator,Cynthia Gardner,macy.webster@bilearner.com,PYZ,Active,Part-Time,Zone B,Full-Time,Voluntary,Push reflect pay similar movement others morning.,IT/IS,Field Operations,08-11-1950,MA,Foreman,Female,44077,Other,Married,Exceeds,3
2570,Ayden,Wu,0019-06-16,0023-05-21,IT Director,Tamara Adkins,ayden.wu@bilearner.com,NEL,Active,Contract,Zone A,Full-Time,Voluntary,War model build important determine.,IT/IS,Field Operations,18-11-1991,MA,Laborer,Male,60717,Black,Single,Fully Meets,4
2178,Francis,Robbins,0022-11-01,,Production Technician I,Amy Hinton,francis.robbins@bilearner.com,WBL,Active,Contract,Zone B,Part-Time,Unk,,Production,Fielders,30-08-1990,MA,Engineer,Female,86281,Hispanic,Married,PIP,4
1679,Sage,Morris,0021-05-16,0022-04-14,Senior BI Developer,Susan Barrett,sage.morris@bilearner.com,BPC,Active,Part-Time,Zone C,Part-Time,Voluntary,Hope notice white husband turn manage.,Admin Offices,Engineers,14-12-1944,MA,Project Manager,Male,42691,Black,Widowed,Fully Meets,3
1198,Audrey,Stevens,0019-01-22,,Production Technician I,Daniel Blackburn,audrey.stevens@bilearner.com,NEL,Active,Contract,Zone B,Part-Time,Unk,,Production,Field Operations,28-09-1952,MA,Laborer,Female,61843,Asian,Married,Fully Meets,3
2404,Alena,Ibarra,0019-06-26,0020-01-27,Production Manager,Brandy Coleman,alena.ibarra@bilearner.com,CCDR,Active,Contract,Zone C,Temporary,Voluntary,Into go between. Before number education fast.,Production,General - Con,19-05-1949,MA,Manager,Female,25247,White,Divorced,Fully Meets,2
2037,Ian,Hester,0021-01-09,0022-05-14,Production Technician I,Keith Morrison,ian.hester@bilearner.com,EW,Active,Contract,Zone C,Full-Time,Involuntary,Present trip year.,Production,General - Con,27-08-1945,MA,Clerk,Female,14973,White,Married,Fully Meets,3
1610,Raegan,Spence,0019-11-09,0019-11-18,Production Technician I,Wendy Williamson,raegan.spence@bilearner.com,EW,Active,Part-Time,Zone B,Full-Time,Involuntary,Option action around live school rich spend.,Production,General - Con,28-01-1986,MA,Flagger,Female,67750,White,Single,Needs Improvement,3
